YouTube ID,Start (s),End (s),Title
XfP6GQYR9KA,1206,1383,Pippa Funny Moments to Watch in Class
qDqVngNtBy4,1386,1458,[Blue Archive] Top 5 Miyu
0XRfYnJUoGM,1461,1644,Redford throwing a fit about the Ranger being in his field!
s7LSA8umpM4,1647,1848,Ultraman Mebius Episode 1: A Fateful Encounter
H9wVQ5JyAQo,1851,2079,Behind Europa Universalis V - Crafting the Future of the Franchise
9GJSSLQ4rY0,2082,2331,What's Wrong With These People!? 3
EmqFoojMeD8,2334,2721,SM64's Unopenable Door Has Finally Been Opened!
jeYym1U226M,2724,2904,LA Noire: Gameplay Video Trailer
ED9iaYliMSg,2907,3213,This Video Will Change Your View of CHINA! (no more lies)
cwuzgfFgLTM,3216,3510,Are you a narcissist? 8 common traits of narcissism
YEKm_ZhJtOs,3513,3711,Ultimate ITALIAN BRAINROT QUIZ
_sBizpKdDAk,3714,3819,One Piece Arabic opening ending
7t0Rp1f9BxM,3822,3996,MLG Star Wars Battlefront
VAHF6JrBs4o,3999,4125,30 essential methods to make people angry (How to make people angry)
2SID25POKKI,4128,4176,Blue Archive lore on Google Maps in Cunny Lake
nMkxwVv-ll4,4179,4335,Second Semi-Final qualifiers reveal | Eurovision 2025 #UnitedByMusic
_RI0DG_p4Yg,4338,4557,Get Up From a Chair Easily with 1 Incredible Trick (60+)
wA39hhOOm8g,4560,4764,Is this true?
